{
  "posts": [
    {
      "id": 1,
      "title": "json-server",
      "author": "typicode"
    }
  ],
  "comments": [
    {
      "id": 1,
      "body": "some comment",
      "postId": 1
    }
  ],
  "users": [
    {
      "cname": "prudhvi",
      "email": "natasha@avengers.com",
      "password": "letter",
      "customer": "user",
      "id": 1
    },
    {
      "cname": "prudhvi",
      "email": "natasha@avengers.com",
      "password": "letter",
      "customer": "merchant",
      "id": 2
    },
    {
      "cname": "charan",
      "email": "charan@email.com",
      "password": "nlkjsankjdsb",
      "customer": "merchant",
      "id": 3
    },
    {
      "cname": "charsafsf",
      "email": "charasdfdsfan@email.com",
      "password": "nlkjsankjdfsd",
      "customer": "user",
      "id": 4
    }
  ],
  "profile": {
    "name": "typicode"
  }
}